{"cameraMode":{"drawMode":0,"name":"Shaded","section":"Shading Mode"},"sceneLighting":true,"audioPlay":false,"sceneViewState":{"showFog":true,"showMaterialUpdate":false,"showSkybox":true,"showFlares":true,"showImageEffects":true,"showParticleSystems":true},"in2DMode":false,"pivot":{"x":208.90573120117188,"y":43.60817337036133,"z":166.49942016601563},"rotation":{"x":0.19886992871761323,"y":0.23637020587921143,"z":-0.04949074983596802,"w":0.9498055577278137},"size":2.9383788108825685,"orthographic":false}